{"_timestamp":1.745535057478412e+09,"_wandb":{"runtime":10769},"_runtime":10769.4990012,"_step":999,"step":[94],"loss":71.59905242919922,"score":70}