{"_step":1,"step":[78],"loss":11.793209075927734,"score":240,"_timestamp":1.7455232996498332e+09,"_wandb":{"runtime":8},"_runtime":7.8077901}