{"_wandb":{"runtime":93},"step":[111],"loss":0.06438115239143372,"score":380,"_timestamp":1.7455249598829753e+09,"_runtime":86.4091801,"_step":9}